gene,hgvs_c,hgvs_p,variant_type,clinical_significance,associated_condition,notes
BRCA1,c.68_69delAG,p.Glu23fs,frameshift deletion,Pathogenic,Hereditary breast/ovarian cancer,"Founder mutation, historically named 185delAG; one of the most common BRCA1 founder variants in Ashkenazi Jewish populations."
BRCA1,c.5266dupC,p.Gln1756fs,frameshift duplication,Pathogenic,Hereditary breast/ovarian cancer,"Historically named 5382insC; Ashkenazi Jewish founder variant."
BRCA2,c.5946delT,p.Ser1982fs,frameshift deletion,Pathogenic,Hereditary breast/ovarian cancer,"Historically named 6174delT; Ashkenazi Jewish founder variant."
BRCA1,c.181T>G,p.Cys61Gly,missense,Pathogenic,Hereditary breast/ovarian cancer,"Disrupts the BRCA1 RING domain zinc-binding site."
TP53,c.524G>A,p.Arg175His,missense,Pathogenic,Li-Fraumeni syndrome; multiple cancers,"One of the most frequently reported somatic TP53 hotspot mutations across cancers (R175H)."
TP53,c.743G>A,p.Arg248Gln,missense,Pathogenic,Li-Fraumeni syndrome; multiple cancers,"DNA-binding domain hotspot mutation (R248Q)."
TP53,c.818G>A,p.Arg273His,missense,Pathogenic,Li-Fraumeni syndrome; multiple cancers,"DNA-binding domain hotspot mutation (R273H), one of the most common TP53 mutations in human cancers."
EGFR,c.2573T>G,p.Leu858Arg,missense,Pathogenic,Non-small cell lung cancer,"Classic activating EGFR kinase domain mutation (L858R); predicts response to EGFR tyrosine kinase inhibitors."
EGFR,c.2235_2249del15,p.Glu746_Ala750del,in-frame deletion,Pathogenic,Non-small cell lung cancer,"Exon 19 deletion, most common EGFR-activating alteration in NSCLC; predicts TKI response."
KRAS,c.35G>A,p.Gly12Asp,missense,Pathogenic,Colorectal cancer; pancreatic cancer,"Common KRAS codon-12 hotspot mutation (G12D); associated with resistance to anti-EGFR therapy."
KRAS,c.34G>T,p.Gly12Cys,missense,Pathogenic,Colorectal cancer; NSCLC,"KRAS codon-12 hotspot mutation (G12C); target of KRAS G12C inhibitors (e.g. sotorasib)."
KRAS,c.35G>T,p.Gly12Val,missense,Pathogenic,Colorectal cancer; pancreatic cancer,"KRAS codon-12 hotspot mutation (G12V)."
PIK3CA,c.3140A>G,p.His1047Arg,missense,Pathogenic,Breast cancer,"Common PIK3CA kinase domain hotspot mutation (H1047R)."
PIK3CA,c.1633G>A,p.Glu545Lys,missense,Pathogenic,Breast cancer,"Common PIK3CA helical domain hotspot mutation (E545K)."
PTEN,c.388C>T,p.Arg130Ter,nonsense,Pathogenic,Cowden syndrome; endometrial cancer,"Nonsense mutation truncating the PTEN phosphatase domain."
APC,c.3927_3931delAAAGA,p.Glu1309fs,frameshift deletion,Pathogenic,Familial adenomatous polyposis; colorectal cancer,"Common APC frameshift mutation associated with FAP."
MLH1,c.1852_1854delAAG,p.Lys618del,in-frame deletion,Pathogenic,Lynch syndrome; colorectal cancer,"Affects a DNA mismatch repair gene commonly implicated in Lynch syndrome."
CDH1,c.1137G>A,p.Ala380=,synonymous / splice-region,Pathogenic,Hereditary diffuse gastric cancer,"Splice-region variant affecting CDH1 (E-cadherin) reported as pathogenic in hereditary diffuse gastric cancer."
VHL,c.292T>C,p.Tyr98His,missense,Pathogenic,Von Hippel-Lindau syndrome,"Missense mutation in the VHL alpha domain."
RET,c.1900T>C,p.Cys634Arg,missense,Pathogenic,Multiple endocrine neoplasia type 2A,"Classic RET cysteine-codon hotspot mutation associated with MEN2A and medullary thyroid carcinoma."
BRAF,c.1799T>A,p.Val600Glu,missense,Pathogenic,Melanoma; colorectal cancer; thyroid cancer,"BRAF V600E, the most common BRAF activating mutation across cancers; predicts response to BRAF inhibitors."
IDH1,c.395G>A,p.Arg132His,missense,Pathogenic,Glioma; acute myeloid leukemia,"IDH1 R132H hotspot mutation, common in low-grade gliomas."
BRCA1,c.4327C>T,p.Arg1443Ter,nonsense,Pathogenic,Hereditary breast/ovarian cancer,"Nonsense mutation truncating the BRCA1 BRCT domain."
BRCA2,c.1310_1313delAAGA,p.Lys437fs,frameshift deletion,Pathogenic,Hereditary breast/ovarian cancer,"Frameshift mutation in BRCA2 exon 11."
TP53,c.215C>G,p.Pro72Arg,missense,Benign,Common polymorphism,"Well-characterized common polymorphism (P72R); not disease-causing on its own, though studied as a modifier."
BRCA2,c.1114A>C,p.Asn372His,missense,Benign,Common polymorphism,"Common BRCA2 polymorphism (N372H) studied extensively as a low-penetrance modifier, not itself pathogenic."
MTHFR,c.665C>T,p.Ala222Val,missense,Benign,Common polymorphism (historically called C677T),"Very common population polymorphism affecting folate metabolism; not classified as cancer-pathogenic."
BRCA1,c.4308T>C,p.Ser1436=,synonymous,Benign,Common polymorphism,"Synonymous variant with no amino acid change; classified as benign in clinical variant databases."
APC,c.4479G>A,p.Thr1493=,synonymous,Benign,Common polymorphism,"Synonymous variant, no established pathogenicity."
CHEK2,c.470T>C,p.Ile157Thr,missense,Benign/Low-penetrance,Modest breast cancer risk modifier,"Low-penetrance variant (I157T); classified as a moderate risk modifier rather than a highly penetrant pathogenic variant."
